Workbook
Name DESENLER: 'Köşe Kabin İçin'!$F:$F
Name Profil_Cinsi: 'Köşe Kabin İçin'!$A:$A
Name renk: 'Köşe Kabin İçin'!$H:$H

Sheet Köşe Kabin
D1: Bayi | G1: Müşteri
A2: Tarih: | B2: =TODAY() -> 46006 | D2: Kasım Arslan
A5: Profil | B5: Parlak | E5: #VALUE!
A6: Cam | B6: Damla
A7: H | B7: 182 | I7: Erkek Ray
A8: En | B8: 78 | I8: #VALUE!
A9: Boy | B9: 80
I12: =(B8-9) -> 69 | J12: 2 Adet
I13: =(B9-9) -> 71 | J13: 2 Adet
B14: PLEKSİ KÖŞE KABİN
A20: Dişi | B20: Etek | C20: Dişi | D20: Etek | E20: Mıknatıslı | F20: Arka Kanat | G20: Ön Panel | H20: Arka Panel | I20: Dar U
A21: #VALUE! | B21: #VALUE! | C21: #VALUE! | D21: #VALUE! | E21: #VALUE! | F21: #VALUE! | G21: #VALUE! | H21: #VALUE! | I21: #VALUE!
A25: =(B8/2)-5 -> 34 | B25: =(B8/2)-5 -> 34 | C25: =(B9/2)-5 -> 35 | D25: =(B9/2)-5 -> 35 | E25: =(B7-5.8) -> 176.2 | F25: =(B7-5.8) -> 176.2 | G25: =(B7-12.5) -> 169.5 | H25: =B7 -> 182 | I25: =B7 -> 182
A26: 2 Adet | B26: 2 Adet | C26: 2 Adet | D26: 2 Adet | E26: 2 Adet | F26: 2 Adet | G26: 2 Adet | H26: 2 Adet | I26: 2 Adet
F29: Müşteri Bilgileri | I29: Fiyat
A30: Sabit Cam | B30: =(B7-10.7) -> 171.3 | C30: =(B8/2)-3.8 -> 35.2 | D30: 1 Adet | F30: Parlak profil damla desen | I30: 2700
A31: Çalışır Cam | B31: =(B7-10.7) -> 171.3 | C31: =(B8/2)-3.8 -> 35.2 | D31: 1 Adet
A32: Sabit Cam | B32: =(B7-10.7) -> 171.3 | C32: =((B9/2)-3.8) -> 36.2 | D32: 1 Adet
A33: Çalışır Cam | B33: =(B7-10.7) -> 171.3 | C33: =(B9/2)-3.8 -> 36.2 | D33: 1 Adet
B36: #VALUE! | F36: Müşteri: | G36: =D2 -> Kasım Arslan
F38: Telefon: | G38: =G2 -> 0
B41: Sipariş Fişi | G41: Tarih: | H41: =TODAY() -> 46006
B45: Ürün | D45: Yükseklik | E45: Ölçü | F45: Açıklama | I45: Fiyat
B46: =B14 -> PLEKSİ KÖŞE KABİN | D46: =B7 -> 182 | E46: =B8&" x "&B9 -> 78 x 80 | F46: =F30 -> Parlak profil damla desen | I46: =I30 -> 2700
B51: #VALUE! | F51: Müşteri: | G51: =G36 -> Kasım Arslan
B53: Teslim Fişi | F53: Telefon: | G53: =G38 -> 0
G55: Tarih: | H55: =TODAY() -> 46006
B57: Ürün | D57: Yükseklik | E57: Ölçü | F57: Açıklama | I57: Fiyat
B58: =B46 -> PLEKSİ KÖŞE KABİN | D58: =B7 -> 182 | E58: =B8&" x "&B9 -> 78 x 80 | F58: =F30 -> Parlak profil damla desen | I58: =I30 -> 2700

Sheet Oval Kabin
D1: Bayi | G1: Müşteri
A2: Tarih: | B2: =TODAY() -> 46006 | D2: Kasım Arslan
A5: Profil | B5: Parlak | E5: #VALUE!
A6: Cam | B6: Damla
A7: H | B7: 182 | I7: Erkek Ray
A8: En | B8: 80 | I8: #VALUE!
A9: Boy | B9: 80
A10: Oval Ölç. | B10: =B8+B9-34 -> 126
I12: =B8+B9-34 -> 126
I13: 2 Adet
B14: PLEKSİ OVAL KABİN
A20: Dişi | B20: Etek | C20: Dişi | D20: Etek | E20: Mıknatıslı | F20: Arka Kanat | G20: Ön Panel | H20: Arka Panel | I20: Dar U
A21: #VALUE! | B21: #VALUE! | C21: #VALUE! | D21: #VALUE! | E21: #VALUE! | F21: #VALUE! | G21: #VALUE! | H21: #VALUE! | I21: #VALUE!
A25: =(B8/2)-11 -> 29 | B25: =((B8/2)-13)/2 -> 13.5 | C25: =(B9/2)-11 -> 29 | D25: =((B9/2)-13)/2 -> 13.5 | E25: =(B7-5.8) -> 176.2 | F25: =(B7-5.8) -> 176.2 | G25: =(B7-12.5) -> 169.5 | H25: =B7 -> 182 | I25: =B7 -> 182
A26: 2 Adet | B26: 4 Adet | C26: 2 Adet | D26: 4 Adet | E26: 2 Adet | F26: 2 Adet | G26: 2 Adet | H26: 2 Adet | I26: 2 Adet
F29: Müşteri Bilgileri | I29: Fiyat
A30: Sabit Cam | B30: =(B7-11.5) -> 170.5 | C30: =(B8/2)-10 -> 30 | D30: 1 Adet | F30: parlak | I30: 3000
A31: Çalışır Cam | B31: =(B7-11.5) -> 170.5 | C31: =((B8/2)-11)/2 -> 14.5 | D31: 2 Adet
A32: Sabit Cam | B32: =(B7-11.5) -> 170.5 | C32: =(B9/2)-10 -> 30 | D32: 1 Adet
A33: Çalışır Cam | B33: =(B7-11.5) -> 170.5 | C33: =((B9/2)-11)/2 -> 14.5 | D33: 2 Adet
B36: #VALUE! | F36: Müşteri: | G36: =D2 -> Kasım Arslan
F38: Telefon: | G38: =G2 -> 0
B41: Sipariş Fişi | G41: Tarih: | H41: =TODAY() -> 46006
B45: Ürün | D45: Yükseklik | E45: Ölçü | F45: Açıklama | I45: Fiyat
B46: =B14 -> PLEKSİ OVAL KABİN | D46: =B7 -> 182 | E46: =B8&" x "&B9 -> 80 x 80 | F46: =F30 -> parlak | I46: =I30 -> 3000
B51: #VALUE! | F51: Müşteri: | G51: =G36 -> Kasım Arslan
B53: Teslim Fişi | F53: Telefon: | G53: =G38 -> 0
G55: Tarih: | H55: =TODAY() -> 46006
B57: Ürün | D57: Yükseklik | E57: Ölçü | F57: Açıklama | I57: Fiyat
B58: =B46 -> PLEKSİ OVAL KABİN | D58: =B7 -> 182 | E58: =B8&" x "&B9 -> 80 x 80 | F58: =F30 -> parlak | I58: =I30 -> 3000

Sheet 1S1Ç
D1: Bayi | G1: Müşteri
A2: Tarih: | B2: =TODAY() -> 46006 | D2: ali osman
A5: Profil | B5: Siyah | E5: #VALUE!
A6: Cam | B6: Damla
A7: H | B7: 182 | I7: Erkek Ray
A8: En | B8: 100 | I8: #VALUE!
I12: =(B8-6) -> 94
I13: 2 Adet
B14: PLEKSİ 1S1Ç KABİN
B20: Dişi | C20: Etek | D20: Mıknatıslı | E20: Arka Kanat | F20: Ön Panel | G20: Arka Panel | H20: Dar U | I20: Mık. Karşılığı
B21: #VALUE! | C21: #VALUE! | D21: #VALUE! | E21: #VALUE! | F21: #VALUE! | G21: #VALUE! | H21: #VALUE! | I21: #VALUE!
B25: =(B8/2)-3.5 -> 46.5 | C25: =(B8/2)-3.5 -> 46.5 | D25: =(B7-5.8) -> 176.2 | E25: =(B7-5.8) -> 176.2 | F25: =(B7-12.5) -> 169.5 | G25: =B7-0.5 -> 181.5 | H25: =B7-0.5 -> 181.5 | I25: =B7-8 -> 174
B26: 2 Adet | C26: 2 Adet | D26: 2 Adet | E26: 2 Adet | F26: 2 Adet | G26: 2 Adet | H26: 2 Adet | I26: 1 Adet
F29: Müşteri Bilgileri | I29: Fiyat
A30: Sabit Cam | B30: =(B7-10.7) -> 171.3 | C30: =(B8/2)-2.5 -> 47.5 | D30: 1 Adet | F30: Parlak Profil Damla Desen Pleksi | I30: 3000
A31: Çalışır Cam | B31: =(B7-10.7) -> 171.3 | C31: =(B8/2)-2.5 -> 47.5 | D31: 1 Adet
B36: #VALUE! | F36: Müşteri: | G36: =D2 -> ali osman
F38: Telefon: | G38: =G2 -> 0
B41: Sipariş Fişi | G41: Tarih: | H41: =TODAY() -> 46006
B45: Ürün | D45: Yükseklik | E45: Ölçü | F45: Açıklama | I45: Fiyat
B46: =B14 -> PLEKSİ 1S1Ç KABİN | D46: =B7 -> 182 | E46: =B8 -> 100 | F46: =F30 -> Parlak Profil Damla Desen Pleksi | I46: =I30 -> 3000
B51: #VALUE! | F51: Müşteri: | G51: =G36 -> ali osman
B53: Teslim Fişi | F53: Telefon: | G53: =G38 -> 0
G55: Tarih: | H55: =TODAY() -> 46006
B57: Ürün | D57: Yükseklik | E57: Ölçü | F57: Açıklama | I57: Fiyat
B58: =B46 -> PLEKSİ 1S1Ç KABİN | D58: =B7 -> 182 | E58: =B8 -> 100 | F58: =F30 -> Parlak Profil Damla Desen Pleksi | I58: =I30 -> 3000

Sheet 1S2Ç
D1: Bayi | G1: Müşteri
A2: Tarih: | B2: =TODAY() -> 46006 | D2: Hıdır Ayzaduş
A5: Profil | B5: Parlak | E5: #VALUE!
A6: Cam | B6: Damla
A7: H | B7: 182 | I7: Erkek Ray
A8: En | B8: 165 | I8: #VALUE!
I12: =(B8-9) -> 156
I13: 2 Adet
B14: PLEKSİ 1S2Ç KABİN
B20: Dişi | C20: Etek | D20: Mıknatıslı | E20: Arka Kanat | F20: Ön Panel | G20: Arka Panel | H20: Dar U | I20: Mık. Karşılığı
B21: #VALUE! | C21: #VALUE! | D21: #VALUE! | E21: #VALUE! | F21: #VALUE! | G21: #VALUE! | H21: #VALUE! | I21: #VALUE!
B25: =(B8/2)+5 -> 87.5 | C25: =(B8/2)+5 -> 87.5 | D25: =(B7-5.8) -> 176.2 | E25: =(B7-5.8) -> 176.2 | F25: =(B7-12.5) -> 169.5 | G25: =B7-0.5 -> 181.5 | H25: =B7-0.5 -> 181.5 | I25: =B7-8 -> 174
B26: 2 Adet | C26: 2 Adet | D26: 2 Adet | E26: 2 Adet | F26: 2 Adet | G26: 2 Adet | H26: 2 Adet | I26: 1 Adet
F29: Müşteri Bilgileri | I29: Fiyat
A30: Sabit Cam | B30: =(B7-10.7) -> 171.3 | C30: =(B8/2)-3.8 -> 78.7 | D30: 1 Adet | F30: Parlak Profil Damla Desen Pleksi | I30: 3000
A31: Çalışır Cam | B31: =(B7-10.7) -> 171.3 | C31: =(B8/2)-3.8 -> 78.7 | D31: 1 Adet
A32: Sabit Cam | B32: =(B7-10.7) -> 171.3 | C32: =(B8/2)-3.8 -> 78.7 | D32: 1 Adet
B36: #VALUE! | F36: Müşteri: | G36: =D2 -> Hıdır Ayzaduş
F38: Telefon: | G38: =G2 -> 0
B41: Sipariş Fişi | G41: Tarih: | H41: =TODAY() -> 46006
B45: Ürün | D45: Yükseklik | E45: Ölçü | F45: Açıklama | I45: Fiyat
B46: =B14 -> PLEKSİ 1S2Ç KABİN | D46: =B7 -> 182 | E46: =B8 -> 165 | F46: =F30 -> Parlak Profil Damla Desen Pleksi | I46: =I30 -> 3000
B48: 40*40 kutu profil
B51: #VALUE! | F51: Müşteri: | G51: =G36 -> Hıdır Ayzaduş
B53: Teslim Fişi | F53: Telefon: | G53: =G38 -> 0
G55: Tarih: | H55: =TODAY() -> 46006
B57: Ürün | D57: Yükseklik | E57: Ölçü | F57: Açıklama | I57: Fiyat
B58: =B46 -> PLEKSİ 1S2Ç KABİN | D58: =B7 -> 182 | E58: =B8 -> 165 | F58: =F30 -> Parlak Profil Damla Desen Pleksi | I58: =I30 -> 3000
B60: 40*40 kut profil

Sheet 2S2Ç
D1: Bayi | G1: Müşteri
A2: Tarih: | B2: =TODAY() -> 46006 | D2: kasım arslan
A5: Profil | B5: Siyah | E5: #VALUE!
A6: Cam | B6: Damla
A7: H | B7: 182 | I7: Erkek Ray
A8: En | B8: 227 | I8: #VALUE!
I12: =(B8-9) -> 218
I13: 2 Adet
B14: PLEKSİ 2S2Ç KABİN
A20: Dişi | B20: Etek | C20: Dişi | D20: Etek | E20: Mıknatıslı | F20: Arka Kanat | G20: Ön Panel | H20: Arka Panel | I20: Dar U
A21: #VALUE! | B21: #VALUE! | C21: #VALUE! | D21: #VALUE! | E21: #VALUE! | F21: #VALUE! | G21: #VALUE! | H21: #VALUE! | I21: #VALUE!
A25: =(B8/4)-7 -> 49.75 | B25: =(B8/4)-7 -> 49.75 | C25: =(B8/4)-7 -> 49.75 | D25: =(B8/4)-7 -> 49.75 | E25: =(B7-5.8) -> 176.2 | F25: =(B7-5.8) -> 176.2 | G25: =(B7-12.5) -> 169.5 | H25: =B7 -> 182 | I25: =B7 -> 182
A26: 2 Adet | B26: 2 Adet | C26: 2 Adet | D26: 2 Adet | E26: 2 Adet | F26: 2 Adet | G26: 2 Adet | H26: 2 Adet | I26: 2 Adet
F29: Müşteri Bilgileri | I29: Fiyat
A30: Sabit Cam | B30: =(B7-10.7) -> 171.3 | C30: =(B8/4)-4 -> 52.75 | D30: 1 Adet | F30: Siyah profil pleksi | I30: 2800
A31: Çalışır Cam | B31: =(B7-10.7) -> 171.3 | C31: =(B8/4)-4 -> 52.75 | D31: 1 Adet
A32: Sabit Cam | B32: =(B7-10.7) -> 171.3 | C32: =(B8/4)-4 -> 52.75 | D32: 1 Adet
A33: Çalışır Cam | B33: =(B7-10.7) -> 171.3 | C33: =(B8/4)-4 -> 52.75 | D33: 1 Adet
B36: #VALUE! | F36: Müşteri: | G36: =D2 -> kasım arslan
F38: Telefon:
B41: Sipariş Fişi | G41: Tarih: | H41: =TODAY() -> 46006
B45: Ürün | D45: Yükseklik | E45: Ölçü | F45: Açıklama | I45: Fiyat
B46: =B14 -> PLEKSİ 2S2Ç KABİN | D46: =B7 -> 182 | E46: =B8 -> 227 | F46: =F30 -> Siyah profil pleksi | I46: =I30 -> 2800
B51: #VALUE! | F51: Müşteri: | G51: =G36 -> kasım arslan
B53: Teslim Fişi | F53: Telefon: | G53: =G38 -> 0
G55: Tarih: | H55: =TODAY() -> 46006
B57: Ürün | D57: Yükseklik | E57: Ölçü | F57: Açıklama | I57: Fiyat
B58: =B46 -> PLEKSİ 2S2Ç KABİN | D58: =B7 -> 182 | E58: =B8 -> 227 | F58: =F30 -> Siyah profil pleksi | I58: =I30 -> 2800

Sheet Katlanır
D1: Bayi | G1: Müşteri
A2: Tarih: | B2: =TODAY() -> 46006 | D2: İlhan
A5: Profil | B5: Parlak | E5: #VALUE!
A6: Cam | B6: Damla
A7: H | B7: 180.5
A8: En | B8: 84
B14: PLEKSİ KATLANIR KABİN
D20: Ray | E20: Etek | F20: Cam Dikmesi | G20: Fitilli Dikme | H20: Duvar Dikemsi
D21: #VALUE! | E21: #VALUE! | F21: #VALUE! | G21: #VALUE! | H21: #VALUE!
D25: =B8-6 -> 78 | E25: =(B8/2)-9.5 -> 32.5 | F25: =(B7-5) -> 175.5 | G25: =(B7) -> 180.5 | H25: =B7 -> 180.5
D26: 2 Adet | E26: 4 Adet | F26: 4 Adet | G26: 2 Adet | H26: 2 Adet
F29: Müşteri Bilgileri | I29: Fiyat
A30: Sabit Cam | B30: =(B7-8) -> 172.5 | C30: =(B8/2)-8 -> 34 | D30: 1 Adet | F30: Katlanır Parlak Profil Pleksi | I30: 3500
A31: Sabit Cam | B31: =(B7-8) -> 172.5 | C31: =(B8/2)-8 -> 34 | D31: 1 Adet
B36: #VALUE! | F36: Müşteri: | G36: =D2 -> İlhan
F38: Telefon: | G38: =G2 -> 0
B41: Sipariş Fişi | G41: Tarih: | H41: =TODAY() -> 46006
B45: Ürün | D45: Yükseklik | E45: Ölçü | F45: Açıklama | I45: Fiyat
B46: =B14 -> PLEKSİ KATLANIR KABİN | D46: =B7 -> 180.5 | E46: =B8 -> 84 | F46: =F30 -> Katlanır Parlak Profil Pleksi | I46: =I30 -> 3500
B48: Yan Pano | D48: 180.5 | E48: 34 | F48: Parlak Profil
B51: #VALUE! | F51: Müşteri: | G51: =G36 -> İlhan
B53: Teslim Fişi | F53: Telefon: | G53: =G38 -> 0
G55: Tarih: | H55: =TODAY() -> 46006
B57: Ürün | D57: Yükseklik | E57: Ölçü | F57: Açıklama | I57: Fiyat
B58: =B46 -> PLEKSİ KATLANIR KABİN | D58: =B7 -> 180.5 | E58: =B8 -> 84 | F58: =F30 -> Katlanır Parlak Profil Pleksi | I58: =I30 -> 3500
B60: =B48 -> Yan Pano | D60: =D48 -> 180.5 | E60: =E48 -> 34 | F60: =F48 -> Parlak Profil | I60: =I48 -> 0

Sheet Cam Katlanır
D1: Bayi | G1: Müşteri
A2: Tarih: | B2: =TODAY() -> 46006 | D2: Burçin
A5: Profil | B5: Siyah | E5: #VALUE! | H5: =_xlfn.XLOOKUP(B6,'Köşe Kabin İçin'!F2:F9,'Köşe Kabin İçin'!G2:G9,"Not found") -> #VALUE!
A6: Cam | B6: 1004
A7: H | B7: 191
A8: En | B8: 80
B13: CAM KATLANIR KABİN
D20: Ray | E20: Etek | F20: Cam Dikmesi | G20: Fitilli Dikme | H20: Duvar Dikemsi
D21: #VALUE! | E21: #VALUE! | F21: #VALUE! | G21: #VALUE! | H21: #VALUE!
D25: =B8-6 -> 74 | E25: =(B8/2)-9.5 -> 30.5 | F25: =(B7-5) -> 186 | G25: =(B7) -> 191 | H25: =B7 -> 191
D26: 2 Adet | E26: 4 Adet | F26: 4 Adet | G26: 2 Adet | H26: 2 Adet
A29: Sabit Cam | B29: =(B7-8.5) -> 182.5 | C29: =(B8/2)-8 -> 32 | D29: 1 Adet | F29: Müşteri Bilgileri | I29: Fiyat
A30: Sabit Cam | B30: =(B7-8.5) -> 182.5 | C30: =(B8/2)-8 -> 32 | D30: 1 Adet | F30: Siyah Profil 1003 Desen | I30: 7000
B36: #VALUE! | F36: Müşteri: | G36: =D2 -> Burçin
F38: Telefon: | G38: =G2 -> 0
B41: Sipariş Fişi | G41: Tarih: | H41: =TODAY() -> 46006
B45: Ürün | D45: Yükseklik | E45: Ölçü | F45: Açıklama | I45: Fiyat
B46: =B13 -> CAM KATLANIR KABİN | D46: =B7 -> 191 | E46: =B8 -> 80 | F46: =F30 -> Siyah Profil 1003 Desen | I46: =I30 -> 7000
B51: #VALUE! | F51: Müşteri: | G51: =G36 -> Burçin
B53: Teslim Fişi | F53: Telefon: | G53: =G38 -> 0
G55: Tarih: | H55: =TODAY() -> 46006
B57: Ürün | D57: Yükseklik | E57: Ölçü | F57: Açıklama | I57: Fiyat
B58: =B46 -> CAM KATLANIR KABİN | D58: =D46 -> 191 | E58: =E46 -> 80 | F58: =F30 -> Siyah Profil 1003 Desen | I58: =I30 -> 7000

Sheet Cam Köşe Kabin
D1: Bayi | G1: Müşteri
A2: Tarih: | B2: =TODAY() -> 46006 | D2: şenol yıldız | G2: ibrahim karagöz
A5: Profil | B5: Siyah | E5: #VALUE! | H5: =_xlfn.XLOOKUP(B7,'Köşe Kabin İçin'!F1:F8,'Köşe Kabin İçin'!G1:G8,"Not found") -> #VALUE!
A6: Model | B6: Liverno
A7: Cam | B7: Karolaj
A8: H | B8: 190
A9: En | B9: 79
A10: Boy | B10: 85
B14: CAM KÖŞE KABİN
D21: =_xlfn.XLOOKUP(B6,'Köşe Kabin İçin'!A16:A18,'Köşe Kabin İçin'!B16:B18,"Not found") -> Ray | E21: =_xlfn.XLOOKUP(B6,'Köşe Kabin İçin'!A1:A3,'Köşe Kabin İçin'!B1:B3,"Not found") -> Ray | F21: =_xlfn.XLOOKUP(B6,'Köşe Kabin İçin'!A5:A7,'Köşe Kabin İçin'!B5:B7,"Not found") -> Duvar Dikmesi | G21: =_xlfn.XLOOKUP(B6,'Köşe Kabin İçin'!A9:A10,'Köşe Kabin İçin'!B9:B10,"Not found") -> Cam Dikmesi
D22: =_xlfn.XLOOKUP(B6,'Köşe Kabin İçin'!A16:A18,'Köşe Kabin İçin'!D16:D18,"Not found") -> #VALUE! | E22: =_xlfn.XLOOKUP(B6,'Köşe Kabin İçin'!A1:A3,'Köşe Kabin İçin'!D1:D3,"Not found") -> #VALUE! | F22: =_xlfn.XLOOKUP(B6,'Köşe Kabin İçin'!A5:A7,'Köşe Kabin İçin'!D5:D7,"Not found") -> #VALUE! | G22: =_xlfn.XLOOKUP(B6,'Köşe Kabin İçin'!A9:A10,'Köşe Kabin İçin'!D9:D10,"Not found") -> #VALUE!
D26: =_xlfn.XLOOKUP(B6,'Köşe Kabin İçin'!A16:A18,'Köşe Kabin İçin'!C16:C18,"Not found") -> 83 | E26: =_xlfn.XLOOKUP(B6,'Köşe Kabin İçin'!A1:A3,'Köşe Kabin İçin'!C1:C3,"Not found") -> 77 | F26: =_xlfn.XLOOKUP(B6,'Köşe Kabin İçin'!A5:A7,'Köşe Kabin İçin'!C5:C7,"Not found") -> 190 | G26: =_xlfn.XLOOKUP(B6,'Köşe Kabin İçin'!A9:A10,'Köşe Kabin İçin'!C9:C10,"Not found") -> 180
D27: 2 Adet | E27: 2 Adet | F27: 2 Adet | G27: 2 Adet
F29: Müşteri Bilgileri | I29: Fiyat
A30: Sabit Cam | B30: =(B8-7.5) -> 182.5 | C30: =(B9-4)/2 -> 37.5 | D30: 1 Adet | F30: Siyah Süperlüx Şeffaf Kabin | I30: 12000
A31: Çalışır Cam | B31: =(B8-2.5) -> 187.5 | C31: =(B9/2)-2 -> 37.5 | D31: 1 Adet
A32: Sabit Cam | B32: =(B8-7.5) -> 182.5 | C32: =((B10/2)-2) -> 40.5 | D32: 1 Adet
A33: Çalışır Cam | B33: =(B8-2.5) -> 187.5 | C33: =(B10/2)-2 -> 40.5 | D33: 1 Adet
B36: #VALUE! | F36: Müşteri: | G36: =D2 -> şenol yıldız
F38: Telefon: | G38: =G2 -> ibrahim karagöz
B41: Sipariş Fişi | G41: Tarih: | H41: =TODAY() -> 46006
B45: Ürün | D45: Yükseklik | E45: Ölçü | F45: Açıklama | I45: Fiyat
B46: =B14 -> CAM KÖŞE KABİN | D46: =B8 -> 190 | E46: =B9&" x "&B10 -> 79 x 85 | F46: =F30 -> Siyah Süperlüx Şeffaf Kabin | I46: =I30 -> 12000
B48: 40*40 kutu profil
B51: #VALUE! | F51: Müşteri: | G51: =G36 -> şenol yıldız
B53: Teslim Fişi | F53: Telefon: | G53: =G38 -> ibrahim karagöz
G55: Tarih: | H55: =TODAY() -> 46006
B57: Ürün | D57: Yükseklik | E57: Ölçü | F57: Açıklama | I57: Fiyat
B58: =B46 -> CAM KÖŞE KABİN | D58: =B8 -> 190 | E58: =B9&" x "&B10 -> 79 x 85 | F58: =F30 -> Siyah Süperlüx Şeffaf Kabin | I58: =I30 -> 12000
B60: 40*40 kut profil

Sheet Cam 2S2Ç Kabin
D1: Bayi | G1: Müşteri
A2: Tarih: | B2: =TODAY() -> 46006 | D2: Zeki | G2: Doğuş
A5: Profil | B5: Parlak | E5: #VALUE! | H5: =_xlfn.XLOOKUP(B7,'Köşe Kabin İçin'!F1:F8,'Köşe Kabin İçin'!G1:G8,"Not found") -> #VALUE!
A6: Model | B6: Liverno
A7: Cam | B7: 1004
A8: H | B8: 190
A9: En | B9: 149
B14: CAM 2S2Ç KABİN
E21: =_xlfn.XLOOKUP(B6,'Düz Kabin İçin'!A1:A3,'Düz Kabin İçin'!B1:B3,"Not found") -> Ray | F21: =_xlfn.XLOOKUP(B6,'Düz Kabin İçin'!A5:A7,'Düz Kabin İçin'!B5:B7,"Not found") -> Duvar Dikmesi | G21: =_xlfn.XLOOKUP(B6,'Düz Kabin İçin'!A9:A10,'Düz Kabin İçin'!B9:B10,"Not found") -> Cam Dikmesi
E22: =_xlfn.XLOOKUP(B6,'Düz Kabin İçin'!A1:A3,'Düz Kabin İçin'!D1:D3,"Not found") -> #VALUE! | F22: =_xlfn.XLOOKUP(B6,'Düz Kabin İçin'!A5:A7,'Düz Kabin İçin'!D5:D7,"Not found") -> #VALUE! | G22: =_xlfn.XLOOKUP(B6,'Düz Kabin İçin'!A9:A10,'Düz Kabin İçin'!D9:D10,"Not found") -> #VALUE!
E26: =_xlfn.XLOOKUP(B6,'Düz Kabin İçin'!A1:A3,'Düz Kabin İçin'!C1:C3,"Not found") -> 131 | F26: =_xlfn.XLOOKUP(B6,'Düz Kabin İçin'!A5:A7,'Düz Kabin İçin'!C5:C7,"Not found") -> 190 | G26: =_xlfn.XLOOKUP(B6,'Düz Kabin İçin'!A9:A10,'Düz Kabin İçin'!C9:C10,"Not found") -> 180
E27: 2 Adet | F27: 2 Adet | G27: 2 Adet
F29: Müşteri Bilgileri | I29: Fiyat
A30: Sabit Cam | B30: =(B8-7.5) -> 182.5 | C30: =(B9/4)-2 -> 35.25 | D30: 1 Adet | F30: Parlak Liverno 1004 desen | I30: 8000
A31: Çalışır Cam | B31: =(B8-2.5) -> 187.5 | C31: =(B9/4)-2 -> 35.25 | D31: 1 Adet
A32: Sabit Cam | B32: =(B8-7.5) -> 182.5 | C32: =((B9/4)-2) -> 35.25 | D32: 1 Adet
A33: Çalışır Cam | B33: =(B8-2.5) -> 187.5 | C33: =(B9/4)-2 -> 35.25 | D33: 1 Adet
B36: #VALUE! | F36: Müşteri: | G36: =D2 -> Zeki
F38: Telefon: | G38: =G2 -> Doğuş
B41: Sipariş Fişi | G41: Tarih: | H41: =TODAY() -> 46006
B45: Ürün | D45: Yükseklik | E45: Ölçü | F45: Açıklama | I45: Fiyat
B46: =B14 -> CAM 2S2Ç KABİN | D46: =B8 -> 190 | E46: =B9 -> 149 | F46: =F30 -> Parlak Liverno 1004 desen | I46: =I30 -> 8000
B51: #VALUE! | F51: Müşteri: | G51: =G36 -> Zeki
B53: Teslim Fişi | F53: Telefon: | G53: =G38 -> Doğuş
G55: Tarih: | H55: =TODAY() -> 46006
B57: Ürün | D57: Yükseklik | E57: Ölçü | F57: Açıklama | I57: Fiyat
B58: =B46 -> CAM 2S2Ç KABİN | D58: =B8 -> 190 | E58: =B9 -> 149 | F58: =F30 -> Parlak Liverno 1004 desen | I58: =I46 -> 8000

Sheet Cam Düz Kabin
D1: Bayi | G1: Müşteri
A2: Tarih: | B2: =TODAY() -> 46006 | D2: damla | G2: dursune kızı
A5: Profil | B5: Siyah | E5: #VALUE! | H5: =_xlfn.XLOOKUP(B7,'Köşe Kabin İçin'!F1:F8,'Köşe Kabin İçin'!G1:G8,"Not found") -> #VALUE!
A6: Model | B6: Pratiko
A7: Cam | B7: Füme
A8: H | B8: 190
A9: En | B9: 133
B14: CAM 1S1Ç KABİN
E21: =_xlfn.XLOOKUP(B6,'Düz Kabin İçin'!A1:A3,'Düz Kabin İçin'!B1:B3,"Not found") -> Ray | F21: =_xlfn.XLOOKUP(B6,'Düz Kabin İçin'!A5:A7,'Düz Kabin İçin'!B5:B7,"Not found") -> Duvar Dikmesi | G21: =_xlfn.XLOOKUP(B6,'Düz Kabin İçin'!A9:A10,'Düz Kabin İçin'!B9:B10,"Not found") -> Not found
E22: =_xlfn.XLOOKUP(B6,'Düz Kabin İçin'!A1:A3,'Düz Kabin İçin'!D1:D3,"Not found") -> #VALUE! | F22: =_xlfn.XLOOKUP(B6,'Düz Kabin İçin'!A5:A7,'Düz Kabin İçin'!D5:D7,"Not found") -> #VALUE! | G22: =_xlfn.XLOOKUP(B6,'Düz Kabin İçin'!A9:A10,'Düz Kabin İçin'!D9:D10,"Not found") -> Not found
E26: =_xlfn.XLOOKUP(B6,'Düz Kabin İçin'!A1:A3,'Düz Kabin İçin'!C1:C3,"Not found") -> 131 | F26: =_xlfn.XLOOKUP(B6,'Düz Kabin İçin'!A5:A7,'Düz Kabin İçin'!C5:C7,"Not found") -> 190 | G26: =_xlfn.XLOOKUP(B6,'Düz Kabin İçin'!A9:A10,'Düz Kabin İçin'!C9:C10,"Not found") -> Not found
E27: 2 Adet | F27: 2 Adet | G27: 2 Adet
F29: Müşteri Bilgileri | I29: Fiyat
A30: Sabit Cam | B30: =(B8-7.5) -> 182.5 | C30: =(B9/2)-2 -> 64.5 | D30: 1 Adet | F30: Siyah Pratiko 1s1ç | I30: 8500
A31: Çalışır Cam | B31: =(B8-2.5) -> 187.5 | C31: =(B9/2)-2 -> 64.5 | D31: 1 Adet
B36: #VALUE! | F36: Müşteri: | G36: =D2 -> damla
F38: Telefon: | G38: =G2 -> dursune kızı
B41: Sipariş Fişi | G41: Tarih: | H41: =TODAY() -> 46006
B45: Ürün | D45: Yükseklik | E45: Ölçü | F45: Açıklama | I45: Fiyat
B46: =B14 -> CAM 1S1Ç KABİN | D46: =B8 -> 190 | E46: =B9 -> 133 | F46: =F30 -> Siyah Pratiko 1s1ç | I46: =I30 -> 8500
B51: #VALUE! | F51: Müşteri: | G51: =G36 -> damla
B53: Teslim Fişi | F53: Telefon: | G53: =G38 -> dursune kızı
G55: Tarih: | H55: =TODAY() -> 46006
B57: Ürün | D57: Yükseklik | E57: Ölçü | F57: Açıklama | I57: Fiyat
B58: =B46 -> CAM 1S1Ç KABİN | D58: =B8 -> 190 | E58: =B9 -> 133 | F58: =F30 -> Siyah Pratiko 1s1ç | I58: =I30 -> 8500

Sheet Düz Kabin İçin
A1: Liverno | B1: Ray | C1: ='Cam Düz Kabin'!B9-2 -> 131 | D1: #VALUE!
A2: Pratiko | B2: Ray | C2: ='Cam Düz Kabin'!B9-2 -> 131 | D2: #VALUE!
A3: Süperlüx | B3: Ray | C3: ='Cam Düz Kabin'!B9-9 -> 124 | D3: #VALUE!
A5: Liverno | B5: Duvar Dikmesi | C5: ='Cam Düz Kabin'!B8 -> 190 | D5: #VALUE!
A6: Pratiko | B6: Duvar Dikmesi | C6: ='Cam Düz Kabin'!B8 -> 190 | D6: #VALUE!
A7: Süperlüx | B7: Duvar Dikmesi | C7: ='Cam Düz Kabin'!B8 -> 190 | D7: #VALUE!
A9: Süperlüx | B9: Cam Dikmesi | C9: ='Cam Düz Kabin'!B8 -> 190 | D9: #VALUE!
A10: Liverno | B10: Cam Dikmesi | C10: ='Cam Düz Kabin'!B8-10 -> 180 | D10: #VALUE!

Sheet Köşe Kabin İçin
A1: Liverno | B1: Ray | C1: ='Cam Köşe Kabin'!B9-2 -> 77 | D1: #VALUE! | F1: 1003 | G1: #VALUE! | H1: Siyah
A2: Pratiko | B2: Ray | C2: ='Cam Köşe Kabin'!B9-2 -> 77 | D2: #VALUE! | F2: 1004 | G2: #VALUE! | H2: Altın
A3: Süperlüx | B3: Ray | C3: ='Cam Köşe Kabin'!B9-9 -> 70 | D3: #VALUE! | F3: 1005 | H3: Parlak
F4: Karolaj | G4: #VALUE!
A5: Liverno | B5: Duvar Dikmesi | C5: ='Cam Köşe Kabin'!B8 -> 190 | D5: #VALUE! | F5: Karolaj + Kum | G5: #VALUE!
A6: Pratiko | B6: Duvar Dikmesi | C6: ='Cam Köşe Kabin'!B8 -> 190 | D6: #VALUE! | F6: Füme | G6: #VALUE!
A7: Süperlüx | B7: Duvar Dikmesi | C7: ='Cam Köşe Kabin'!B8 -> 190 | D7: #VALUE! | F7: Şeffaf | G7: #VALUE!
F8: Tam Kumlu | G8: #VALUE!
A9: Süperlüx | B9: Cam Dikmesi | C9: ='Cam Köşe Kabin'!B8 -> 190 | D9: #VALUE!
A10: Liverno | B10: Cam Dikmesi | C10: ='Cam Köşe Kabin'!B8-10 -> 180 | D10: #VALUE!
A16: Liverno | B16: Ray | C16: ='Cam Köşe Kabin'!B10-2 -> 83 | D16: #VALUE!
A17: Pratiko | B17: Ray | C17: ='Cam Köşe Kabin'!B10-2 -> 83 | D17: #VALUE!
A18: Süperlüx | B18: Ray | C18: ='Cam Köşe Kabin'!B10-9 -> 76 | D18: #VALUE!

Sheet Parametreler
A1: Key | B1: Address (Active sheet)
A2: TARIH | B2: B2
A3: BAYI | B3: D2
A4: MUSTERI | B4: G2
A5: URUN | B5: B46
A6: YUK | B6: E45
A7: OLCU | B7: F45
A8: ACIK | B8: F46
A9: FIYAT | B9: I30

Sheet Satis Listesi
A1: Tarih | B1: Musteri | C1: Bayi | D1: Urun | E1: Yukseklik | F1: Olcu | G1: Aciklama | H1: Fiyat

Sheet Aylik Satis
A1: AYLIK SATIS LISTESI
A2: Ay Sec (yyyy-mm): | B2: 2025-08 | H2: Mevcut Aylar
H3: 2025-08
A5: Tarih | B5: Musteri/Bayi | C5: Urun | D5: Yukseklik | E5: Olcu | F5: Aciklama | G5: Fiyat TL
